/*
Navicat MySQL Data Transfer

Source Server         : localhost_3306
Source Server Version : 80021
Source Host           : localhost:3306
Source Database       : shop

Target Server Type    : MYSQL
Target Server Version : 80021
File Encoding         : 65001

Date: 2021-09-14 14:44:41
*/

SET FOREIGN_KEY_CHECKS=0;

-- ----------------------------
-- Table structure for oauth_access_token
-- ----------------------------
DROP TABLE IF EXISTS `oauth_access_token`;
CREATE TABLE `oauth_access_token` (
  `token_id` varchar(128) DEFAULT NULL,
  `token` blob,
  `authentication_id` varchar(128) NOT NULL,
  `user_name` varchar(128) DEFAULT NULL,
  `client_id` varchar(128) DEFAULT NULL,
  `authentication` blob,
  `refresh_token` varchar(128) DEFAULT NULL,
  PRIMARY KEY (`authentication_id`)
) ENGINE=InnoDB DEFAULT CHARSET=utf8mb4 COLLATE=utf8mb4_0900_ai_ci;

-- ----------------------------
-- Records of oauth_access_token
-- ----------------------------
INSERT INTO `oauth_access_token` VALUES ('e8a5972c64763a558f0678975f0196f7', 0xACED0005737200436F72672E737072696E676672616D65776F726B2E73656375726974792E6F61757468322E636F6D6D6F6E2E44656661756C744F4175746832416363657373546F6B656E0CB29E361B24FACE0200064C00156164646974696F6E616C496E666F726D6174696F6E74000F4C6A6176612F7574696C2F4D61703B4C000A65787069726174696F6E7400104C6A6176612F7574696C2F446174653B4C000C72656672657368546F6B656E74003F4C6F72672F737072696E676672616D65776F726B2F73656375726974792F6F61757468322F636F6D6D6F6E2F4F417574683252656672657368546F6B656E3B4C000573636F706574000F4C6A6176612F7574696C2F5365743B4C0009746F6B656E547970657400124C6A6176612F6C616E672F537472696E673B4C000576616C756571007E000578707372001E6A6176612E7574696C2E436F6C6C656374696F6E7324456D7074794D6170593614855ADCE7D002000078707372000E6A6176612E7574696C2E44617465686A81014B597419030000787077080000017BDE72E1DF787372004C6F72672E737072696E676672616D65776F726B2E73656375726974792E6F61757468322E636F6D6D6F6E2E44656661756C744578706972696E674F417574683252656672657368546F6B656E2FDF47639DD0C9B70200014C000A65787069726174696F6E71007E0002787200446F72672E737072696E676672616D65776F726B2E73656375726974792E6F61757468322E636F6D6D6F6E2E44656661756C744F417574683252656672657368546F6B656E73E10E0A6354D45E0200014C000576616C756571007E0005787074002461343035323333392D326337332D343638632D616530382D3335336265336433323735617371007E000977080000017BDEDE211D78737200256A6176612E7574696C2E436F6C6C656374696F6E7324556E6D6F6469666961626C65536574801D92D18F9B80550200007872002C6A6176612E7574696C2E436F6C6C656374696F6E7324556E6D6F6469666961626C65436F6C6C656374696F6E19420080CB5EF71E0200014C0001637400164C6A6176612F7574696C2F436F6C6C656374696F6E3B7870737200176A6176612E7574696C2E4C696E6B656448617368536574D86CD75A95DD2A1E020000787200116A6176612E7574696C2E48617368536574BA44859596B8B7340300007870770C000000023F40000000000001740003616C6C7874000662656172657274002431653134646639612D646636642D343364312D626165632D666163653962666163326430, '7fe7540f060a7b0854271291f172ef83', 'admin', 'cms', 0xACED0005737200416F72672E737072696E676672616D65776F726B2E73656375726974792E6F61757468322E70726F76696465722E4F417574683241757468656E7469636174696F6EBD400B02166252130200024C000D73746F7265645265717565737474003C4C6F72672F737072696E676672616D65776F726B2F73656375726974792F6F61757468322F70726F76696465722F4F4175746832526571756573743B4C00127573657241757468656E7469636174696F6E7400324C6F72672F737072696E676672616D65776F726B2F73656375726974792F636F72652F41757468656E7469636174696F6E3B787200476F72672E737072696E676672616D65776F726B2E73656375726974792E61757468656E7469636174696F6E2E416273747261637441757468656E7469636174696F6E546F6B656ED3AA287E6E47640E0200035A000D61757468656E746963617465644C000B617574686F7269746965737400164C6A6176612F7574696C2F436F6C6C656374696F6E3B4C000764657461696C737400124C6A6176612F6C616E672F4F626A6563743B787000737200266A6176612E7574696C2E436F6C6C656374696F6E7324556E6D6F6469666961626C654C697374FC0F2531B5EC8E100200014C00046C6973747400104C6A6176612F7574696C2F4C6973743B7872002C6A6176612E7574696C2E436F6C6C656374696F6E7324556E6D6F6469666961626C65436F6C6C656374696F6E19420080CB5EF71E0200014C00016371007E00047870737200136A6176612E7574696C2E41727261794C6973747881D21D99C7619D03000149000473697A65787000000001770400000001737200426F72672E737072696E676672616D65776F726B2E73656375726974792E636F72652E617574686F726974792E53696D706C654772616E746564417574686F7269747900000000000001FE0200014C0004726F6C657400124C6A6176612F6C616E672F537472696E673B787074000A524F4C455F41444D494E7871007E000C707372003A6F72672E737072696E676672616D65776F726B2E73656375726974792E6F61757468322E70726F76696465722E4F41757468325265717565737400000000000000010200075A0008617070726F7665644C000B617574686F72697469657371007E00044C000A657874656E73696F6E7374000F4C6A6176612F7574696C2F4D61703B4C000B726564697265637455726971007E000E4C00077265667265736874003B4C6F72672F737072696E676672616D65776F726B2F73656375726974792F6F61757468322F70726F76696465722F546F6B656E526571756573743B4C000B7265736F7572636549647374000F4C6A6176612F7574696C2F5365743B4C000D726573706F6E7365547970657371007E0014787200386F72672E737072696E676672616D65776F726B2E73656375726974792E6F61757468322E70726F76696465722E426173655265717565737436287A3EA37169BD0200034C0008636C69656E74496471007E000E4C001172657175657374506172616D657465727371007E00124C000573636F706571007E00147870740003636D73737200256A6176612E7574696C2E436F6C6C656374696F6E7324556E6D6F6469666961626C654D6170F1A5A8FE74F507420200014C00016D71007E00127870737200116A6176612E7574696C2E486173684D61700507DAC1C31660D103000246000A6C6F6164466163746F724900097468726573686F6C6478703F400000000000037708000000040000000274000A6772616E745F7479706574000870617373776F7264740008757365726E616D6574000561646D696E78737200256A6176612E7574696C2E436F6C6C656374696F6E7324556E6D6F6469666961626C65536574801D92D18F9B80550200007871007E0009737200176A6176612E7574696C2E4C696E6B656448617368536574D86CD75A95DD2A1E020000787200116A6176612E7574696C2E48617368536574BA44859596B8B7340300007870770C000000103F40000000000001740003616C6C78017371007E0023770C000000103F40000000000000787371007E001A3F40000000000000770800000010000000007870707371007E0023770C000000103F40000000000000787371007E0023770C000000103F40000000000000787372004F6F72672E737072696E676672616D65776F726B2E73656375726974792E61757468656E7469636174696F6E2E557365726E616D6550617373776F726441757468656E7469636174696F6E546F6B656E00000000000001FE0200024C000B63726564656E7469616C7371007E00054C00097072696E636970616C71007E00057871007E0003017371007E00077371007E000B0000000177040000000171007E000F7871007E002D737200176A6176612E7574696C2E4C696E6B6564486173684D617034C04E5C106CC0FB0200015A000B6163636573734F726465727871007E001A3F400000000000067708000000080000000271007E001C71007E001D71007E001E71007E001F780070737200326F72672E737072696E676672616D65776F726B2E73656375726974792E636F72652E7573657264657461696C732E5573657200000000000001FE0200075A00116163636F756E744E6F6E457870697265645A00106163636F756E744E6F6E4C6F636B65645A001563726564656E7469616C734E6F6E457870697265645A0007656E61626C65644C000B617574686F72697469657371007E00144C000870617373776F726471007E000E4C0008757365726E616D6571007E000E7870010101017371007E0020737200116A6176612E7574696C2E54726565536574DD98509395ED875B0300007870737200466F72672E737072696E676672616D65776F726B2E73656375726974792E636F72652E7573657264657461696C732E5573657224417574686F72697479436F6D70617261746F7200000000000001FE020000787077040000000171007E000F787074000561646D696E, 'a7b22a5fd16a8f8a8e03238ac1f24bc4');
INSERT INTO `oauth_access_token` VALUES ('436ed57f5bb96b847aefdf88afe38b21', 0xACED0005737200436F72672E737072696E676672616D65776F726B2E73656375726974792E6F61757468322E636F6D6D6F6E2E44656661756C744F4175746832416363657373546F6B656E0CB29E361B24FACE0200064C00156164646974696F6E616C496E666F726D6174696F6E74000F4C6A6176612F7574696C2F4D61703B4C000A65787069726174696F6E7400104C6A6176612F7574696C2F446174653B4C000C72656672657368546F6B656E74003F4C6F72672F737072696E676672616D65776F726B2F73656375726974792F6F61757468322F636F6D6D6F6E2F4F417574683252656672657368546F6B656E3B4C000573636F706574000F4C6A6176612F7574696C2F5365743B4C0009746F6B656E547970657400124C6A6176612F6C616E672F537472696E673B4C000576616C756571007E000578707372001E6A6176612E7574696C2E436F6C6C656374696F6E7324456D7074794D6170593614855ADCE7D002000078707372000E6A6176612E7574696C2E44617465686A81014B597419030000787077080000017BDE7BFF05787372004C6F72672E737072696E676672616D65776F726B2E73656375726974792E6F61757468322E636F6D6D6F6E2E44656661756C744578706972696E674F417574683252656672657368546F6B656E2FDF47639DD0C9B70200014C000A65787069726174696F6E71007E0002787200446F72672E737072696E676672616D65776F726B2E73656375726974792E6F61757468322E636F6D6D6F6E2E44656661756C744F417574683252656672657368546F6B656E73E10E0A6354D45E0200014C000576616C756571007E0005787074002432383837366334312D376332302D343930322D616237362D6531626437366361626431647371007E000977080000017BE06A618478737200256A6176612E7574696C2E436F6C6C656374696F6E7324556E6D6F6469666961626C65536574801D92D18F9B80550200007872002C6A6176612E7574696C2E436F6C6C656374696F6E7324556E6D6F6469666961626C65436F6C6C656374696F6E19420080CB5EF71E0200014C0001637400164C6A6176612F7574696C2F436F6C6C656374696F6E3B7870737200176A6176612E7574696C2E4C696E6B656448617368536574D86CD75A95DD2A1E020000787200116A6176612E7574696C2E48617368536574BA44859596B8B7340300007870770C000000023F40000000000001740003616C6C7874000662656172657274002435666261373763342D336132322D343537362D396337372D313238303534643934646164, 'bececae823ad65f8c48abfe2943c533a', null, 'cms', 0xACED0005737200416F72672E737072696E676672616D65776F726B2E73656375726974792E6F61757468322E70726F76696465722E4F417574683241757468656E7469636174696F6EBD400B02166252130200024C000D73746F7265645265717565737474003C4C6F72672F737072696E676672616D65776F726B2F73656375726974792F6F61757468322F70726F76696465722F4F4175746832526571756573743B4C00127573657241757468656E7469636174696F6E7400324C6F72672F737072696E676672616D65776F726B2F73656375726974792F636F72652F41757468656E7469636174696F6E3B787200476F72672E737072696E676672616D65776F726B2E73656375726974792E61757468656E7469636174696F6E2E416273747261637441757468656E7469636174696F6E546F6B656ED3AA287E6E47640E0200035A000D61757468656E746963617465644C000B617574686F7269746965737400164C6A6176612F7574696C2F436F6C6C656374696F6E3B4C000764657461696C737400124C6A6176612F6C616E672F4F626A6563743B787000737200266A6176612E7574696C2E436F6C6C656374696F6E7324556E6D6F6469666961626C654C697374FC0F2531B5EC8E100200014C00046C6973747400104C6A6176612F7574696C2F4C6973743B7872002C6A6176612E7574696C2E436F6C6C656374696F6E7324556E6D6F6469666961626C65436F6C6C656374696F6E19420080CB5EF71E0200014C00016371007E00047870737200136A6176612E7574696C2E41727261794C6973747881D21D99C7619D03000149000473697A657870000000007704000000007871007E000C707372003A6F72672E737072696E676672616D65776F726B2E73656375726974792E6F61757468322E70726F76696465722E4F41757468325265717565737400000000000000010200075A0008617070726F7665644C000B617574686F72697469657371007E00044C000A657874656E73696F6E7374000F4C6A6176612F7574696C2F4D61703B4C000B72656469726563745572697400124C6A6176612F6C616E672F537472696E673B4C00077265667265736874003B4C6F72672F737072696E676672616D65776F726B2F73656375726974792F6F61757468322F70726F76696465722F546F6B656E526571756573743B4C000B7265736F7572636549647374000F4C6A6176612F7574696C2F5365743B4C000D726573706F6E7365547970657371007E0011787200386F72672E737072696E676672616D65776F726B2E73656375726974792E6F61757468322E70726F76696465722E426173655265717565737436287A3EA37169BD0200034C0008636C69656E74496471007E000F4C001172657175657374506172616D657465727371007E000E4C000573636F706571007E00117870740003636D73737200256A6176612E7574696C2E436F6C6C656374696F6E7324556E6D6F6469666961626C654D6170F1A5A8FE74F507420200014C00016D71007E000E7870737200116A6176612E7574696C2E486173684D61700507DAC1C31660D103000246000A6C6F6164466163746F724900097468726573686F6C6478703F400000000000037708000000040000000274000A6772616E745F74797065740012636C69656E745F63726564656E7469616C73740008757365726E616D6574000561646D696E78737200256A6176612E7574696C2E436F6C6C656374696F6E7324556E6D6F6469666961626C65536574801D92D18F9B80550200007871007E0009737200176A6176612E7574696C2E4C696E6B656448617368536574D86CD75A95DD2A1E020000787200116A6176612E7574696C2E48617368536574BA44859596B8B7340300007870770C000000103F40000000000001740003616C6C78017371007E0020770C000000103F40000000000000787371007E00173F40000000000000770800000010000000007870707371007E0020770C000000103F40000000000000787371007E0020770C000000103F400000000000007870, '52f9b7d8c86d8c33074f14ae8c56cbd6');
INSERT INTO `oauth_access_token` VALUES ('7c60b64c1ab2646ca7488292b120825a', 0xACED0005737200436F72672E737072696E676672616D65776F726B2E73656375726974792E6F61757468322E636F6D6D6F6E2E44656661756C744F4175746832416363657373546F6B656E0CB29E361B24FACE0200064C00156164646974696F6E616C496E666F726D6174696F6E74000F4C6A6176612F7574696C2F4D61703B4C000A65787069726174696F6E7400104C6A6176612F7574696C2F446174653B4C000C72656672657368546F6B656E74003F4C6F72672F737072696E676672616D65776F726B2F73656375726974792F6F61757468322F636F6D6D6F6E2F4F417574683252656672657368546F6B656E3B4C000573636F706574000F4C6A6176612F7574696C2F5365743B4C0009746F6B656E547970657400124C6A6176612F6C616E672F537472696E673B4C000576616C756571007E000578707372001E6A6176612E7574696C2E436F6C6C656374696F6E7324456D7074794D6170593614855ADCE7D002000078707372000E6A6176612E7574696C2E44617465686A81014B597419030000787077080000017BDE63E07E787372004C6F72672E737072696E676672616D65776F726B2E73656375726974792E6F61757468322E636F6D6D6F6E2E44656661756C744578706972696E674F417574683252656672657368546F6B656E2FDF47639DD0C9B70200014C000A65787069726174696F6E71007E0002787200446F72672E737072696E676672616D65776F726B2E73656375726974792E6F61757468322E636F6D6D6F6E2E44656661756C744F417574683252656672657368546F6B656E73E10E0A6354D45E0200014C000576616C756571007E0005787074002462313561383333632D666235652D346364392D383432312D3662353838393237613636357371007E000977080000017BDF0E3AF078737200256A6176612E7574696C2E436F6C6C656374696F6E7324556E6D6F6469666961626C65536574801D92D18F9B80550200007872002C6A6176612E7574696C2E436F6C6C656374696F6E7324556E6D6F6469666961626C65436F6C6C656374696F6E19420080CB5EF71E0200014C0001637400164C6A6176612F7574696C2F436F6C6C656374696F6E3B7870737200176A6176612E7574696C2E4C696E6B656448617368536574D86CD75A95DD2A1E020000787200116A6176612E7574696C2E48617368536574BA44859596B8B7340300007870770C000000023F40000000000001740003616C6C7874000662656172657274002439663633303362302D353630302D343166322D396430332D313063363236316530366261, 'da81c7094f2b1921fcaf9ea8defd010d', '6703999940', 'cms', 0xACED0005737200416F72672E737072696E676672616D65776F726B2E73656375726974792E6F61757468322E70726F76696465722E4F417574683241757468656E7469636174696F6EBD400B02166252130200024C000D73746F7265645265717565737474003C4C6F72672F737072696E676672616D65776F726B2F73656375726974792F6F61757468322F70726F76696465722F4F4175746832526571756573743B4C00127573657241757468656E7469636174696F6E7400324C6F72672F737072696E676672616D65776F726B2F73656375726974792F636F72652F41757468656E7469636174696F6E3B787200476F72672E737072696E676672616D65776F726B2E73656375726974792E61757468656E7469636174696F6E2E416273747261637441757468656E7469636174696F6E546F6B656ED3AA287E6E47640E0200035A000D61757468656E746963617465644C000B617574686F7269746965737400164C6A6176612F7574696C2F436F6C6C656374696F6E3B4C000764657461696C737400124C6A6176612F6C616E672F4F626A6563743B787000737200266A6176612E7574696C2E436F6C6C656374696F6E7324556E6D6F6469666961626C654C697374FC0F2531B5EC8E100200014C00046C6973747400104C6A6176612F7574696C2F4C6973743B7872002C6A6176612E7574696C2E436F6C6C656374696F6E7324556E6D6F6469666961626C65436F6C6C656374696F6E19420080CB5EF71E0200014C00016371007E00047870737200136A6176612E7574696C2E41727261794C6973747881D21D99C7619D03000149000473697A65787000000001770400000001737200426F72672E737072696E676672616D65776F726B2E73656375726974792E636F72652E617574686F726974792E53696D706C654772616E746564417574686F7269747900000000000001FE0200014C0004726F6C657400124C6A6176612F6C616E672F537472696E673B787074000A524F4C455F41444D494E7871007E000C707372003A6F72672E737072696E676672616D65776F726B2E73656375726974792E6F61757468322E70726F76696465722E4F41757468325265717565737400000000000000010200075A0008617070726F7665644C000B617574686F72697469657371007E00044C000A657874656E73696F6E7374000F4C6A6176612F7574696C2F4D61703B4C000B726564697265637455726971007E000E4C00077265667265736874003B4C6F72672F737072696E676672616D65776F726B2F73656375726974792F6F61757468322F70726F76696465722F546F6B656E526571756573743B4C000B7265736F7572636549647374000F4C6A6176612F7574696C2F5365743B4C000D726573706F6E7365547970657371007E0014787200386F72672E737072696E676672616D65776F726B2E73656375726974792E6F61757468322E70726F76696465722E426173655265717565737436287A3EA37169BD0200034C0008636C69656E74496471007E000E4C001172657175657374506172616D657465727371007E00124C000573636F706571007E00147870740003636D73737200256A6176612E7574696C2E436F6C6C656374696F6E7324556E6D6F6469666961626C654D6170F1A5A8FE74F507420200014C00016D71007E00127870737200116A6176612E7574696C2E486173684D61700507DAC1C31660D103000246000A6C6F6164466163746F724900097468726573686F6C6478703F400000000000067708000000080000000374000A6772616E745F7479706574000870617373776F7264740009636C69656E745F6964740003636D73740008757365726E616D6574000A3637303339393939343078737200256A6176612E7574696C2E436F6C6C656374696F6E7324556E6D6F6469666961626C65536574801D92D18F9B80550200007871007E0009737200176A6176612E7574696C2E4C696E6B656448617368536574D86CD75A95DD2A1E020000787200116A6176612E7574696C2E48617368536574BA44859596B8B7340300007870770C000000103F40000000000001740003616C6C78017371007E0025770C000000103F40000000000000787371007E001A3F40000000000000770800000010000000007870707371007E0025770C000000103F40000000000000787371007E0025770C000000103F40000000000000787372004F6F72672E737072696E676672616D65776F726B2E73656375726974792E61757468656E7469636174696F6E2E557365726E616D6550617373776F726441757468656E7469636174696F6E546F6B656E00000000000001FE0200024C000B63726564656E7469616C7371007E00054C00097072696E636970616C71007E00057871007E0003017371007E00077371007E000B0000000177040000000171007E000F7871007E002F737200176A6176612E7574696C2E4C696E6B6564486173684D617034C04E5C106CC0FB0200015A000B6163636573734F726465727871007E001A3F400000000000067708000000080000000474000D636C69656E745F73656372657474000673656372657471007E001C71007E001D71007E001E71007E001F71007E002071007E0021780070737200326F72672E737072696E676672616D65776F726B2E73656375726974792E636F72652E7573657264657461696C732E5573657200000000000001FE0200075A00116163636F756E744E6F6E457870697265645A00106163636F756E744E6F6E4C6F636B65645A001563726564656E7469616C734E6F6E457870697265645A0007656E61626C65644C000B617574686F72697469657371007E00144C000870617373776F726471007E000E4C0008757365726E616D6571007E000E7870010101017371007E0022737200116A6176612E7574696C2E54726565536574DD98509395ED875B0300007870737200466F72672E737072696E676672616D65776F726B2E73656375726974792E636F72652E7573657264657461696C732E5573657224417574686F72697479436F6D70617261746F7200000000000001FE020000787077040000000171007E000F787074000A36373033393939393430, '04c5e037a0d9ac062f3ccc123e1c7995');

-- ----------------------------
-- Table structure for oauth_approvals
-- ----------------------------
DROP TABLE IF EXISTS `oauth_approvals`;
CREATE TABLE `oauth_approvals` (
  `userId` varchar(128) DEFAULT NULL,
  `clientId` varchar(128) DEFAULT NULL,
  `scope` varchar(128) DEFAULT NULL,
  `STATUS` varchar(10) DEFAULT NULL,
  `expiresAt` timestamp NULL DEFAULT NULL,
  `lastModifiedAt` timestamp NULL DEFAULT CURRENT_TIMESTAMP
) ENGINE=InnoDB DEFAULT CHARSET=utf8mb4 COLLATE=utf8mb4_0900_ai_ci;

-- ----------------------------
-- Records of oauth_approvals
-- ----------------------------

-- ----------------------------
-- Table structure for oauth_client_details
-- ----------------------------
DROP TABLE IF EXISTS `oauth_client_details`;
CREATE TABLE `oauth_client_details` (
  `client_id` varchar(255) NOT NULL,
  `resource_ids` varchar(255) DEFAULT NULL,
  `client_secret` varchar(255) DEFAULT NULL,
  `scope` varchar(255) DEFAULT NULL,
  `authorized_grant_types` varchar(255) DEFAULT NULL,
  `web_server_redirect_uri` varchar(255) DEFAULT NULL,
  `authorities` varchar(255) DEFAULT NULL,
  `access_token_validity` int DEFAULT NULL,
  `refresh_token_validity` int DEFAULT NULL,
  `additional_information` text,
  `create_time` timestamp NULL DEFAULT CURRENT_TIMESTAMP,
  `archived` tinyint(1) DEFAULT '0',
  `trusted` tinyint(1) DEFAULT '0',
  `autoapprove` varchar(255) DEFAULT 'false',
  `auto_approve` varchar(255) DEFAULT NULL,
  PRIMARY KEY (`client_id`)
) ENGINE=InnoDB DEFAULT CHARSET=utf8;

-- ----------------------------
-- Records of oauth_client_details
-- ----------------------------
INSERT INTO `oauth_client_details` VALUES ('admin', '$2a$10$fG7ou8CNxDESVFLIM7LrneDmIpwbrxGM2W6.coGPddfQPyZxiqXE6', 'Shop_PKQ', 'all,write,read', 'implicit,client_credentials,authorization_code,refresh_token,password', 'http://www.baidu.com', 'ROLE_USER', null, null, null, '2021-09-07 16:17:48', '0', '0', null, null);
INSERT INTO `oauth_client_details` VALUES ('cms', null, '$2a$10$I3vy5LWVQvEwTmZaCs.JwOy1zP0i/waHJK9S9CB/jOqgrJd6VPmlW', 'all', 'implicit,client_credentials,authorization_code,refresh_token,password', 'http://localhost:8080/start', null, '3600', '36000', null, '2021-09-10 10:28:03', '0', '0', 'true', null);
INSERT INTO `oauth_client_details` VALUES ('oa', null, '$2a$10$I3vy5LWVQvEwTmZaCs.JwOy1zP0i/waHJK9S9CB/jOqgrJd6VPmlW', 'all', 'implicit,client_credentials,authorization_code,refresh_token,password', 'http://localhost:8082/oa/login', null, '3600', '36000', null, '2021-09-10 10:28:03', '0', '0', 'true', null);

-- ----------------------------
-- Table structure for oauth_client_token
-- ----------------------------
DROP TABLE IF EXISTS `oauth_client_token`;
CREATE TABLE `oauth_client_token` (
  `token_id` varchar(128) DEFAULT NULL,
  `token` blob,
  `authentication_id` varchar(128) NOT NULL,
  `user_name` varchar(128) DEFAULT NULL,
  `client_id` varchar(128) DEFAULT NULL,
  PRIMARY KEY (`authentication_id`)
) ENGINE=InnoDB DEFAULT CHARSET=utf8mb4 COLLATE=utf8mb4_0900_ai_ci;

-- ----------------------------
-- Records of oauth_client_token
-- ----------------------------

-- ----------------------------
-- Table structure for oauth_code
-- ----------------------------
DROP TABLE IF EXISTS `oauth_code`;
CREATE TABLE `oauth_code` (
  `CODE` varchar(128) DEFAULT NULL,
  `authentication` blob
) ENGINE=InnoDB DEFAULT CHARSET=utf8mb4 COLLATE=utf8mb4_0900_ai_ci;

-- ----------------------------
-- Records of oauth_code
-- ----------------------------

-- ----------------------------
-- Table structure for oauth_refresh_token
-- ----------------------------
DROP TABLE IF EXISTS `oauth_refresh_token`;
CREATE TABLE `oauth_refresh_token` (
  `token_id` varchar(128) DEFAULT NULL,
  `token` blob,
  `authentication` blob
) ENGINE=InnoDB DEFAULT CHARSET=utf8mb4 COLLATE=utf8mb4_0900_ai_ci;

-- ----------------------------
-- Records of oauth_refresh_token
-- ----------------------------
INSERT INTO `oauth_refresh_token` VALUES ('33e04f987da450bc0cb546b46ab2cecb', 0xACED00057372004C6F72672E737072696E676672616D65776F726B2E73656375726974792E6F61757468322E636F6D6D6F6E2E44656661756C744578706972696E674F417574683252656672657368546F6B656E2FDF47639DD0C9B70200014C000A65787069726174696F6E7400104C6A6176612F7574696C2F446174653B787200446F72672E737072696E676672616D65776F726B2E73656375726974792E6F61757468322E636F6D6D6F6E2E44656661756C744F417574683252656672657368546F6B656E73E10E0A6354D45E0200014C000576616C75657400124C6A6176612F6C616E672F537472696E673B787074002433653839613163332D346334332D346361322D623737372D3031343331633163316131657372000E6A6176612E7574696C2E44617465686A81014B597419030000787077080000017BCFCD869178, 0xACED0005737200416F72672E737072696E676672616D65776F726B2E73656375726974792E6F61757468322E70726F76696465722E4F417574683241757468656E7469636174696F6EBD400B02166252130200024C000D73746F7265645265717565737474003C4C6F72672F737072696E676672616D65776F726B2F73656375726974792F6F61757468322F70726F76696465722F4F4175746832526571756573743B4C00127573657241757468656E7469636174696F6E7400324C6F72672F737072696E676672616D65776F726B2F73656375726974792F636F72652F41757468656E7469636174696F6E3B787200476F72672E737072696E676672616D65776F726B2E73656375726974792E61757468656E7469636174696F6E2E416273747261637441757468656E7469636174696F6E546F6B656ED3AA287E6E47640E0200035A000D61757468656E746963617465644C000B617574686F7269746965737400164C6A6176612F7574696C2F436F6C6C656374696F6E3B4C000764657461696C737400124C6A6176612F6C616E672F4F626A6563743B787000737200266A6176612E7574696C2E436F6C6C656374696F6E7324556E6D6F6469666961626C654C697374FC0F2531B5EC8E100200014C00046C6973747400104C6A6176612F7574696C2F4C6973743B7872002C6A6176612E7574696C2E436F6C6C656374696F6E7324556E6D6F6469666961626C65436F6C6C656374696F6E19420080CB5EF71E0200014C00016371007E00047870737200136A6176612E7574696C2E41727261794C6973747881D21D99C7619D03000149000473697A65787000000001770400000001737200426F72672E737072696E676672616D65776F726B2E73656375726974792E636F72652E617574686F726974792E53696D706C654772616E746564417574686F7269747900000000000001FE0200014C0004726F6C657400124C6A6176612F6C616E672F537472696E673B787074000A524F4C455F41444D494E7871007E000C707372003A6F72672E737072696E676672616D65776F726B2E73656375726974792E6F61757468322E70726F76696465722E4F41757468325265717565737400000000000000010200075A0008617070726F7665644C000B617574686F72697469657371007E00044C000A657874656E73696F6E7374000F4C6A6176612F7574696C2F4D61703B4C000B726564697265637455726971007E000E4C00077265667265736874003B4C6F72672F737072696E676672616D65776F726B2F73656375726974792F6F61757468322F70726F76696465722F546F6B656E526571756573743B4C000B7265736F7572636549647374000F4C6A6176612F7574696C2F5365743B4C000D726573706F6E7365547970657371007E0014787200386F72672E737072696E676672616D65776F726B2E73656375726974792E6F61757468322E70726F76696465722E426173655265717565737436287A3EA37169BD0200034C0008636C69656E74496471007E000E4C001172657175657374506172616D657465727371007E00124C000573636F706571007E00147870740003636D73737200256A6176612E7574696C2E436F6C6C656374696F6E7324556E6D6F6469666961626C654D6170F1A5A8FE74F507420200014C00016D71007E00127870737200116A6176612E7574696C2E486173684D61700507DAC1C31660D103000246000A6C6F6164466163746F724900097468726573686F6C6478703F400000000000067708000000080000000374000A6772616E745F7479706574000870617373776F7264740009636C69656E745F6964740003636D73740008757365726E616D6574000561646D696E78737200256A6176612E7574696C2E436F6C6C656374696F6E7324556E6D6F6469666961626C65536574801D92D18F9B80550200007871007E0009737200176A6176612E7574696C2E4C696E6B656448617368536574D86CD75A95DD2A1E020000787200116A6176612E7574696C2E48617368536574BA44859596B8B7340300007870770C000000103F40000000000001740003616C6C78017371007E0025770C000000103F40000000000000787371007E001A3F40000000000000770800000010000000007870707371007E0025770C000000103F40000000000000787371007E0025770C000000103F40000000000000787372004F6F72672E737072696E676672616D65776F726B2E73656375726974792E61757468656E7469636174696F6E2E557365726E616D6550617373776F726441757468656E7469636174696F6E546F6B656E00000000000001FE0200024C000B63726564656E7469616C7371007E00054C00097072696E636970616C71007E00057871007E0003017371007E00077371007E000B0000000177040000000171007E000F7871007E002F737200176A6176612E7574696C2E4C696E6B6564486173684D617034C04E5C106CC0FB0200015A000B6163636573734F726465727871007E001A3F400000000000067708000000080000000474000D636C69656E745F73656372657474000673656372657471007E001C71007E001D71007E001E71007E001F71007E002071007E0021780070737200326F72672E737072696E676672616D65776F726B2E73656375726974792E636F72652E7573657264657461696C732E5573657200000000000001FE0200075A00116163636F756E744E6F6E457870697265645A00106163636F756E744E6F6E4C6F636B65645A001563726564656E7469616C734E6F6E457870697265645A0007656E61626C65644C000B617574686F72697469657371007E00144C000870617373776F726471007E000E4C0008757365726E616D6571007E000E7870010101017371007E0022737200116A6176612E7574696C2E54726565536574DD98509395ED875B0300007870737200466F72672E737072696E676672616D65776F726B2E73656375726974792E636F72652E7573657264657461696C732E5573657224417574686F72697479436F6D70617261746F7200000000000001FE020000787077040000000171007E000F787074000561646D696E);
INSERT INTO `oauth_refresh_token` VALUES ('04c5e037a0d9ac062f3ccc123e1c7995', 0xACED00057372004C6F72672E737072696E676672616D65776F726B2E73656375726974792E6F61757468322E636F6D6D6F6E2E44656661756C744578706972696E674F417574683252656672657368546F6B656E2FDF47639DD0C9B70200014C000A65787069726174696F6E7400104C6A6176612F7574696C2F446174653B787200446F72672E737072696E676672616D65776F726B2E73656375726974792E6F61757468322E636F6D6D6F6E2E44656661756C744F417574683252656672657368546F6B656E73E10E0A6354D45E0200014C000576616C75657400124C6A6176612F6C616E672F537472696E673B787074002462313561383333632D666235652D346364392D383432312D3662353838393237613636357372000E6A6176612E7574696C2E44617465686A81014B597419030000787077080000017BDF0E3AF078, 0xACED0005737200416F72672E737072696E676672616D65776F726B2E73656375726974792E6F61757468322E70726F76696465722E4F417574683241757468656E7469636174696F6EBD400B02166252130200024C000D73746F7265645265717565737474003C4C6F72672F737072696E676672616D65776F726B2F73656375726974792F6F61757468322F70726F76696465722F4F4175746832526571756573743B4C00127573657241757468656E7469636174696F6E7400324C6F72672F737072696E676672616D65776F726B2F73656375726974792F636F72652F41757468656E7469636174696F6E3B787200476F72672E737072696E676672616D65776F726B2E73656375726974792E61757468656E7469636174696F6E2E416273747261637441757468656E7469636174696F6E546F6B656ED3AA287E6E47640E0200035A000D61757468656E746963617465644C000B617574686F7269746965737400164C6A6176612F7574696C2F436F6C6C656374696F6E3B4C000764657461696C737400124C6A6176612F6C616E672F4F626A6563743B787000737200266A6176612E7574696C2E436F6C6C656374696F6E7324556E6D6F6469666961626C654C697374FC0F2531B5EC8E100200014C00046C6973747400104C6A6176612F7574696C2F4C6973743B7872002C6A6176612E7574696C2E436F6C6C656374696F6E7324556E6D6F6469666961626C65436F6C6C656374696F6E19420080CB5EF71E0200014C00016371007E00047870737200136A6176612E7574696C2E41727261794C6973747881D21D99C7619D03000149000473697A65787000000001770400000001737200426F72672E737072696E676672616D65776F726B2E73656375726974792E636F72652E617574686F726974792E53696D706C654772616E746564417574686F7269747900000000000001FE0200014C0004726F6C657400124C6A6176612F6C616E672F537472696E673B787074000A524F4C455F41444D494E7871007E000C707372003A6F72672E737072696E676672616D65776F726B2E73656375726974792E6F61757468322E70726F76696465722E4F41757468325265717565737400000000000000010200075A0008617070726F7665644C000B617574686F72697469657371007E00044C000A657874656E73696F6E7374000F4C6A6176612F7574696C2F4D61703B4C000B726564697265637455726971007E000E4C00077265667265736874003B4C6F72672F737072696E676672616D65776F726B2F73656375726974792F6F61757468322F70726F76696465722F546F6B656E526571756573743B4C000B7265736F7572636549647374000F4C6A6176612F7574696C2F5365743B4C000D726573706F6E7365547970657371007E0014787200386F72672E737072696E676672616D65776F726B2E73656375726974792E6F61757468322E70726F76696465722E426173655265717565737436287A3EA37169BD0200034C0008636C69656E74496471007E000E4C001172657175657374506172616D657465727371007E00124C000573636F706571007E00147870740003636D73737200256A6176612E7574696C2E436F6C6C656374696F6E7324556E6D6F6469666961626C654D6170F1A5A8FE74F507420200014C00016D71007E00127870737200116A6176612E7574696C2E486173684D61700507DAC1C31660D103000246000A6C6F6164466163746F724900097468726573686F6C6478703F400000000000067708000000080000000374000A6772616E745F7479706574000870617373776F7264740009636C69656E745F6964740003636D73740008757365726E616D6574000A3637303339393939343078737200256A6176612E7574696C2E436F6C6C656374696F6E7324556E6D6F6469666961626C65536574801D92D18F9B80550200007871007E0009737200176A6176612E7574696C2E4C696E6B656448617368536574D86CD75A95DD2A1E020000787200116A6176612E7574696C2E48617368536574BA44859596B8B7340300007870770C000000103F40000000000001740003616C6C78017371007E0025770C000000103F40000000000000787371007E001A3F40000000000000770800000010000000007870707371007E0025770C000000103F40000000000000787371007E0025770C000000103F40000000000000787372004F6F72672E737072696E676672616D65776F726B2E73656375726974792E61757468656E7469636174696F6E2E557365726E616D6550617373776F726441757468656E7469636174696F6E546F6B656E00000000000001FE0200024C000B63726564656E7469616C7371007E00054C00097072696E636970616C71007E00057871007E0003017371007E00077371007E000B0000000177040000000171007E000F7871007E002F737200176A6176612E7574696C2E4C696E6B6564486173684D617034C04E5C106CC0FB0200015A000B6163636573734F726465727871007E001A3F400000000000067708000000080000000474000D636C69656E745F73656372657474000673656372657471007E001C71007E001D71007E001E71007E001F71007E002071007E0021780070737200326F72672E737072696E676672616D65776F726B2E73656375726974792E636F72652E7573657264657461696C732E5573657200000000000001FE0200075A00116163636F756E744E6F6E457870697265645A00106163636F756E744E6F6E4C6F636B65645A001563726564656E7469616C734E6F6E457870697265645A0007656E61626C65644C000B617574686F72697469657371007E00144C000870617373776F726471007E000E4C0008757365726E616D6571007E000E7870010101017371007E0022737200116A6176612E7574696C2E54726565536574DD98509395ED875B0300007870737200466F72672E737072696E676672616D65776F726B2E73656375726974792E636F72652E7573657264657461696C732E5573657224417574686F72697479436F6D70617261746F7200000000000001FE020000787077040000000171007E000F787074000A36373033393939393430);
INSERT INTO `oauth_refresh_token` VALUES ('a7b22a5fd16a8f8a8e03238ac1f24bc4', 0xACED00057372004C6F72672E737072696E676672616D65776F726B2E73656375726974792E6F61757468322E636F6D6D6F6E2E44656661756C744578706972696E674F417574683252656672657368546F6B656E2FDF47639DD0C9B70200014C000A65787069726174696F6E7400104C6A6176612F7574696C2F446174653B787200446F72672E737072696E676672616D65776F726B2E73656375726974792E6F61757468322E636F6D6D6F6E2E44656661756C744F417574683252656672657368546F6B656E73E10E0A6354D45E0200014C000576616C75657400124C6A6176612F6C616E672F537472696E673B787074002461343035323333392D326337332D343638632D616530382D3335336265336433323735617372000E6A6176612E7574696C2E44617465686A81014B597419030000787077080000017BDEDE211D78, 0xACED0005737200416F72672E737072696E676672616D65776F726B2E73656375726974792E6F61757468322E70726F76696465722E4F417574683241757468656E7469636174696F6EBD400B02166252130200024C000D73746F7265645265717565737474003C4C6F72672F737072696E676672616D65776F726B2F73656375726974792F6F61757468322F70726F76696465722F4F4175746832526571756573743B4C00127573657241757468656E7469636174696F6E7400324C6F72672F737072696E676672616D65776F726B2F73656375726974792F636F72652F41757468656E7469636174696F6E3B787200476F72672E737072696E676672616D65776F726B2E73656375726974792E61757468656E7469636174696F6E2E416273747261637441757468656E7469636174696F6E546F6B656ED3AA287E6E47640E0200035A000D61757468656E746963617465644C000B617574686F7269746965737400164C6A6176612F7574696C2F436F6C6C656374696F6E3B4C000764657461696C737400124C6A6176612F6C616E672F4F626A6563743B787000737200266A6176612E7574696C2E436F6C6C656374696F6E7324556E6D6F6469666961626C654C697374FC0F2531B5EC8E100200014C00046C6973747400104C6A6176612F7574696C2F4C6973743B7872002C6A6176612E7574696C2E436F6C6C656374696F6E7324556E6D6F6469666961626C65436F6C6C656374696F6E19420080CB5EF71E0200014C00016371007E00047870737200136A6176612E7574696C2E41727261794C6973747881D21D99C7619D03000149000473697A65787000000001770400000001737200426F72672E737072696E676672616D65776F726B2E73656375726974792E636F72652E617574686F726974792E53696D706C654772616E746564417574686F7269747900000000000001FE0200014C0004726F6C657400124C6A6176612F6C616E672F537472696E673B787074000A524F4C455F41444D494E7871007E000C707372003A6F72672E737072696E676672616D65776F726B2E73656375726974792E6F61757468322E70726F76696465722E4F41757468325265717565737400000000000000010200075A0008617070726F7665644C000B617574686F72697469657371007E00044C000A657874656E73696F6E7374000F4C6A6176612F7574696C2F4D61703B4C000B726564697265637455726971007E000E4C00077265667265736874003B4C6F72672F737072696E676672616D65776F726B2F73656375726974792F6F61757468322F70726F76696465722F546F6B656E526571756573743B4C000B7265736F7572636549647374000F4C6A6176612F7574696C2F5365743B4C000D726573706F6E7365547970657371007E0014787200386F72672E737072696E676672616D65776F726B2E73656375726974792E6F61757468322E70726F76696465722E426173655265717565737436287A3EA37169BD0200034C0008636C69656E74496471007E000E4C001172657175657374506172616D657465727371007E00124C000573636F706571007E00147870740003636D73737200256A6176612E7574696C2E436F6C6C656374696F6E7324556E6D6F6469666961626C654D6170F1A5A8FE74F507420200014C00016D71007E00127870737200116A6176612E7574696C2E486173684D61700507DAC1C31660D103000246000A6C6F6164466163746F724900097468726573686F6C6478703F400000000000067708000000080000000374000A6772616E745F7479706574000870617373776F7264740009636C69656E745F6964740003636D73740008757365726E616D6574000561646D696E78737200256A6176612E7574696C2E436F6C6C656374696F6E7324556E6D6F6469666961626C65536574801D92D18F9B80550200007871007E0009737200176A6176612E7574696C2E4C696E6B656448617368536574D86CD75A95DD2A1E020000787200116A6176612E7574696C2E48617368536574BA44859596B8B7340300007870770C000000103F40000000000001740003616C6C78017371007E0025770C000000103F40000000000000787371007E001A3F40000000000000770800000010000000007870707371007E0025770C000000103F40000000000000787371007E0025770C000000103F40000000000000787372004F6F72672E737072696E676672616D65776F726B2E73656375726974792E61757468656E7469636174696F6E2E557365726E616D6550617373776F726441757468656E7469636174696F6E546F6B656E00000000000001FE0200024C000B63726564656E7469616C7371007E00054C00097072696E636970616C71007E00057871007E0003017371007E00077371007E000B0000000177040000000171007E000F7871007E002F737200176A6176612E7574696C2E4C696E6B6564486173684D617034C04E5C106CC0FB0200015A000B6163636573734F726465727871007E001A3F400000000000067708000000080000000474000D636C69656E745F73656372657474000673656372657471007E001C71007E001D71007E001E71007E001F71007E002071007E0021780070737200326F72672E737072696E676672616D65776F726B2E73656375726974792E636F72652E7573657264657461696C732E5573657200000000000001FE0200075A00116163636F756E744E6F6E457870697265645A00106163636F756E744E6F6E4C6F636B65645A001563726564656E7469616C734E6F6E457870697265645A0007656E61626C65644C000B617574686F72697469657371007E00144C000870617373776F726471007E000E4C0008757365726E616D6571007E000E7870010101017371007E0022737200116A6176612E7574696C2E54726565536574DD98509395ED875B0300007870737200466F72672E737072696E676672616D65776F726B2E73656375726974792E636F72652E7573657264657461696C732E5573657224417574686F72697479436F6D70617261746F7200000000000001FE020000787077040000000171007E000F787074000561646D696E);
INSERT INTO `oauth_refresh_token` VALUES ('52f9b7d8c86d8c33074f14ae8c56cbd6', 0xACED00057372004C6F72672E737072696E676672616D65776F726B2E73656375726974792E6F61757468322E636F6D6D6F6E2E44656661756C744578706972696E674F417574683252656672657368546F6B656E2FDF47639DD0C9B70200014C000A65787069726174696F6E7400104C6A6176612F7574696C2F446174653B787200446F72672E737072696E676672616D65776F726B2E73656375726974792E6F61757468322E636F6D6D6F6E2E44656661756C744F417574683252656672657368546F6B656E73E10E0A6354D45E0200014C000576616C75657400124C6A6176612F6C616E672F537472696E673B787074002432383837366334312D376332302D343930322D616237362D6531626437366361626431647372000E6A6176612E7574696C2E44617465686A81014B597419030000787077080000017BE06A618478, 0xACED0005737200416F72672E737072696E676672616D65776F726B2E73656375726974792E6F61757468322E70726F76696465722E4F417574683241757468656E7469636174696F6EBD400B02166252130200024C000D73746F7265645265717565737474003C4C6F72672F737072696E676672616D65776F726B2F73656375726974792F6F61757468322F70726F76696465722F4F4175746832526571756573743B4C00127573657241757468656E7469636174696F6E7400324C6F72672F737072696E676672616D65776F726B2F73656375726974792F636F72652F41757468656E7469636174696F6E3B787200476F72672E737072696E676672616D65776F726B2E73656375726974792E61757468656E7469636174696F6E2E416273747261637441757468656E7469636174696F6E546F6B656ED3AA287E6E47640E0200035A000D61757468656E746963617465644C000B617574686F7269746965737400164C6A6176612F7574696C2F436F6C6C656374696F6E3B4C000764657461696C737400124C6A6176612F6C616E672F4F626A6563743B787000737200266A6176612E7574696C2E436F6C6C656374696F6E7324556E6D6F6469666961626C654C697374FC0F2531B5EC8E100200014C00046C6973747400104C6A6176612F7574696C2F4C6973743B7872002C6A6176612E7574696C2E436F6C6C656374696F6E7324556E6D6F6469666961626C65436F6C6C656374696F6E19420080CB5EF71E0200014C00016371007E00047870737200136A6176612E7574696C2E41727261794C6973747881D21D99C7619D03000149000473697A657870000000007704000000007871007E000C707372003A6F72672E737072696E676672616D65776F726B2E73656375726974792E6F61757468322E70726F76696465722E4F41757468325265717565737400000000000000010200075A0008617070726F7665644C000B617574686F72697469657371007E00044C000A657874656E73696F6E7374000F4C6A6176612F7574696C2F4D61703B4C000B72656469726563745572697400124C6A6176612F6C616E672F537472696E673B4C00077265667265736874003B4C6F72672F737072696E676672616D65776F726B2F73656375726974792F6F61757468322F70726F76696465722F546F6B656E526571756573743B4C000B7265736F7572636549647374000F4C6A6176612F7574696C2F5365743B4C000D726573706F6E7365547970657371007E0011787200386F72672E737072696E676672616D65776F726B2E73656375726974792E6F61757468322E70726F76696465722E426173655265717565737436287A3EA37169BD0200034C0008636C69656E74496471007E000F4C001172657175657374506172616D657465727371007E000E4C000573636F706571007E00117870740003636D73737200256A6176612E7574696C2E436F6C6C656374696F6E7324556E6D6F6469666961626C654D6170F1A5A8FE74F507420200014C00016D71007E000E7870737200116A6176612E7574696C2E486173684D61700507DAC1C31660D103000246000A6C6F6164466163746F724900097468726573686F6C6478703F400000000000067708000000080000000374000A6772616E745F74797065740012636C69656E745F63726564656E7469616C73740009636C69656E745F6964740003636D73740008757365726E616D6574000561646D696E78737200256A6176612E7574696C2E436F6C6C656374696F6E7324556E6D6F6469666961626C65536574801D92D18F9B80550200007871007E0009737200176A6176612E7574696C2E4C696E6B656448617368536574D86CD75A95DD2A1E020000787200116A6176612E7574696C2E48617368536574BA44859596B8B7340300007870770C000000103F40000000000001740003616C6C78017371007E0022770C000000103F40000000000000787371007E00173F40000000000000770800000010000000007870707371007E0022770C000000103F40000000000000787371007E0022770C000000103F400000000000007870);

-- ----------------------------
-- Table structure for shop_order
-- ----------------------------
DROP TABLE IF EXISTS `shop_order`;
CREATE TABLE `shop_order` (
  `oid` bigint NOT NULL AUTO_INCREMENT,
  `number` int DEFAULT NULL,
  `pid` int DEFAULT NULL,
  `pname` varchar(255) DEFAULT NULL,
  `pprice` double DEFAULT NULL,
  `uid` int DEFAULT NULL,
  `username` varchar(255) DEFAULT NULL,
  PRIMARY KEY (`oid`)
) ENGINE=InnoDB AUTO_INCREMENT=108 DEFAULT CHARSET=utf8mb4 COLLATE=utf8mb4_0900_ai_ci;

-- ----------------------------
-- Records of shop_order
-- ----------------------------
INSERT INTO `shop_order` VALUES ('1', '1', '1', '小米', '1000', '1', '测试用户');
INSERT INTO `shop_order` VALUES ('2', '1', '2', '华为', '1000', '1', '测试用户');
INSERT INTO `shop_order` VALUES ('3', '1', '1', '小米', '1000', '1', '测试用户');
INSERT INTO `shop_order` VALUES ('4', '1', '1', '小米', '1000', '1', '测试用户');
INSERT INTO `shop_order` VALUES ('5', '1', '1', '小米', '1000', '1', '测试用户');
INSERT INTO `shop_order` VALUES ('6', '1', '1', '小米', '1000', '1', '测试用户');
INSERT INTO `shop_order` VALUES ('7', '1', '1', '小米', '1000', '1', '测试用户');
INSERT INTO `shop_order` VALUES ('8', '1', '1', '小米', '1000', '1', '测试用户');
INSERT INTO `shop_order` VALUES ('9', '1', '1', '小米', '1000', '1', '测试用户');
INSERT INTO `shop_order` VALUES ('10', '1', '1', '小米', '1000', '1', '测试用户');
INSERT INTO `shop_order` VALUES ('11', '1', '1', '小米', '1000', '1', '测试用户');
INSERT INTO `shop_order` VALUES ('12', '1', '1', '小米', '1000', '1', '测试用户');
INSERT INTO `shop_order` VALUES ('13', '1', '1', '小米', '1000', '1', '测试用户');
INSERT INTO `shop_order` VALUES ('14', '1', '1', '小米', '1000', '1', '测试用户');
INSERT INTO `shop_order` VALUES ('15', '1', '1', '小米', '1000', '1', '测试用户');
INSERT INTO `shop_order` VALUES ('16', '1', '1', '小米', '1000', '1', '测试用户');
INSERT INTO `shop_order` VALUES ('17', '1', '1', '小米', '1000', '1', '测试用户');
INSERT INTO `shop_order` VALUES ('18', '1', '1', '小米', '1000', '1', '测试用户');
INSERT INTO `shop_order` VALUES ('19', '1', '1', '小米', '1000', '1', '测试用户');
INSERT INTO `shop_order` VALUES ('20', '1', '1', '小米', '1000', '1', '测试用户');
INSERT INTO `shop_order` VALUES ('21', '1', '1', '小米', '1000', '1', '测试用户');
INSERT INTO `shop_order` VALUES ('22', '1', '1', '小米', '1000', '1', '测试用户');
INSERT INTO `shop_order` VALUES ('23', '1', '1', '小米', '1000', '1', '测试用户');
INSERT INTO `shop_order` VALUES ('24', '1', '1', '小米', '1000', '1', '测试用户');
INSERT INTO `shop_order` VALUES ('25', '1', '1', '小米', '1000', '1', '测试用户');
INSERT INTO `shop_order` VALUES ('26', '1', '1', '小米', '1000', '1', '测试用户');
INSERT INTO `shop_order` VALUES ('27', '1', '1', '小米', '1000', '1', '测试用户');
INSERT INTO `shop_order` VALUES ('28', '1', '1', '小米', '1000', '1', '测试用户');
INSERT INTO `shop_order` VALUES ('29', '1', '1', '小米', '1000', '1', '测试用户');
INSERT INTO `shop_order` VALUES ('30', '1', '1', '小米', '1000', '1', '测试用户');
INSERT INTO `shop_order` VALUES ('31', '1', '1', '小米', '1000', '1', '测试用户');
INSERT INTO `shop_order` VALUES ('32', '1', '1', '小米', '1000', '1', '测试用户');
INSERT INTO `shop_order` VALUES ('33', '1', '1', '小米', '1000', '1', '测试用户');
INSERT INTO `shop_order` VALUES ('34', '1', '1', '小米', '1000', '1', '测试用户');
INSERT INTO `shop_order` VALUES ('35', '1', '1', '小米', '1000', '1', '测试用户');
INSERT INTO `shop_order` VALUES ('36', '1', '1', '小米', '1000', '1', '测试用户');
INSERT INTO `shop_order` VALUES ('37', '1', '1', '小米', '1000', '1', '测试用户');
INSERT INTO `shop_order` VALUES ('38', '1', '1', '小米', '1000', '1', '测试用户');
INSERT INTO `shop_order` VALUES ('39', '1', '1', '小米', '1000', '1', '测试用户');
INSERT INTO `shop_order` VALUES ('40', '1', '1', '小米', '1000', '1', '测试用户');
INSERT INTO `shop_order` VALUES ('41', '1', '1', '小米', '1000', '1', '测试用户');
INSERT INTO `shop_order` VALUES ('42', '1', '1', '小米', '1000', '1', '测试用户');
INSERT INTO `shop_order` VALUES ('43', '1', '1', '小米', '1000', '1', '测试用户');
INSERT INTO `shop_order` VALUES ('44', '1', '1', '小米', '1000', '1', '测试用户');
INSERT INTO `shop_order` VALUES ('45', '1', '1', '小米', '1000', '1', '测试用户');
INSERT INTO `shop_order` VALUES ('46', '1', '1', '小米', '1000', '1', '测试用户');
INSERT INTO `shop_order` VALUES ('47', '1', '1', '小米', '1000', '1', '测试用户');
INSERT INTO `shop_order` VALUES ('48', '1', '1', '小米', '1000', '1', '测试用户');
INSERT INTO `shop_order` VALUES ('49', '1', '1', '小米', '1000', '1', '测试用户');
INSERT INTO `shop_order` VALUES ('50', '1', '1', '小米', '1000', '1', '测试用户');
INSERT INTO `shop_order` VALUES ('51', '1', '1', '小米', '1000', '1', '测试用户');
INSERT INTO `shop_order` VALUES ('52', '1', '1', '小米', '1000', '1', '测试用户');
INSERT INTO `shop_order` VALUES ('53', '1', '1', '小米', '1000', '1', '测试用户');
INSERT INTO `shop_order` VALUES ('54', '1', '1', '小米', '1000', '1', '测试用户');
INSERT INTO `shop_order` VALUES ('55', '1', '1', '小米', '1000', '1', '测试用户');
INSERT INTO `shop_order` VALUES ('56', '1', '1', '小米', '1000', '1', '测试用户');
INSERT INTO `shop_order` VALUES ('57', '1', '1', '小米', '1000', '1', '测试用户');
INSERT INTO `shop_order` VALUES ('58', '1', '1', '小米', '1000', '1', '测试用户');
INSERT INTO `shop_order` VALUES ('59', '1', '1', '小米', '1000', '1', '测试用户');
INSERT INTO `shop_order` VALUES ('60', '1', '1', '小米', '1000', '1', '测试用户');
INSERT INTO `shop_order` VALUES ('61', '1', '1', '小米', '1000', '1', '测试用户');
INSERT INTO `shop_order` VALUES ('62', '1', '1', '小米', '1000', '1', '测试用户');
INSERT INTO `shop_order` VALUES ('63', '1', '1', '小米', '1000', '1', '测试用户');
INSERT INTO `shop_order` VALUES ('64', '1', '1', '小米', '1000', '1', '测试用户');
INSERT INTO `shop_order` VALUES ('65', '1', '1', '小米', '1000', '1', '测试用户');
INSERT INTO `shop_order` VALUES ('66', '1', '1', '小米', '1000', '1', '测试用户');
INSERT INTO `shop_order` VALUES ('67', '1', '1', '小米', '1000', '1', '测试用户');
INSERT INTO `shop_order` VALUES ('68', '1', '1', '小米', '1000', '1', '测试用户');
INSERT INTO `shop_order` VALUES ('69', '1', '1', '小米', '1000', '1', '测试用户');
INSERT INTO `shop_order` VALUES ('70', '1', '1', '小米', '1000', '1', '测试用户');
INSERT INTO `shop_order` VALUES ('71', '1', '1', '小米', '1000', '1', '测试用户');
INSERT INTO `shop_order` VALUES ('72', '1', '1', '小米', '1000', '1', '测试用户');
INSERT INTO `shop_order` VALUES ('73', '1', '1', '小米', '1000', '1', '测试用户');
INSERT INTO `shop_order` VALUES ('74', '1', '1', '小米', '1000', '1', '测试用户');
INSERT INTO `shop_order` VALUES ('75', '1', '1', '小米', '1000', '1', '测试用户');
INSERT INTO `shop_order` VALUES ('76', '1', '1', '小米', '1000', '1', '测试用户');
INSERT INTO `shop_order` VALUES ('77', '1', '1', '小米', '1000', '1', '测试用户');
INSERT INTO `shop_order` VALUES ('78', '1', '1', '小米', '1000', '1', '测试用户');
INSERT INTO `shop_order` VALUES ('79', '1', '1', '小米', '1000', '1', '测试用户');
INSERT INTO `shop_order` VALUES ('80', '1', '1', '小米', '1000', '1', '测试用户');
INSERT INTO `shop_order` VALUES ('81', '1', '1', '小米', '1000', '1', '测试用户');
INSERT INTO `shop_order` VALUES ('82', '1', '1', '小米', '1000', '1', '测试用户');
INSERT INTO `shop_order` VALUES ('83', '1', '1', '小米', '1000', '1', '测试用户');
INSERT INTO `shop_order` VALUES ('84', '1', '1', '小米', '1000', '1', '测试用户');
INSERT INTO `shop_order` VALUES ('85', '1', '1', '小米', '1000', '1', '测试用户');
INSERT INTO `shop_order` VALUES ('86', '1', '1', '小米', '1000', '1', '测试用户');
INSERT INTO `shop_order` VALUES ('87', '1', '1', '小米', '1000', '1', '测试用户');
INSERT INTO `shop_order` VALUES ('88', '1', '1', '小米', '1000', '1', '测试用户');
INSERT INTO `shop_order` VALUES ('89', '1', '1', '小米', '1000', '1', '测试用户');
INSERT INTO `shop_order` VALUES ('90', '1', '1', '小米', '1000', '1', '测试用户');
INSERT INTO `shop_order` VALUES ('91', '1', '1', '小米', '1000', '1', '测试用户');
INSERT INTO `shop_order` VALUES ('92', '1', '1', '小米', '1000', '1', '测试用户');
INSERT INTO `shop_order` VALUES ('93', '1', '1', '小米', '1000', '1', '测试用户');
INSERT INTO `shop_order` VALUES ('94', '1', '1', '小米', '1000', '1', '测试用户');
INSERT INTO `shop_order` VALUES ('95', '1', '1', '小米', '1000', '1', '测试用户');
INSERT INTO `shop_order` VALUES ('96', '1', '1', '小米', '1000', '1', '测试用户');
INSERT INTO `shop_order` VALUES ('97', '1', '1', '小米', '1000', '1', '测试用户');
INSERT INTO `shop_order` VALUES ('98', '1', '1', '小米', '1000', '1', '测试用户');
INSERT INTO `shop_order` VALUES ('99', '1', '1', '小米', '1000', '1', '测试用户');
INSERT INTO `shop_order` VALUES ('100', '1', '1', '小米', '1000', '1', '测试用户');
INSERT INTO `shop_order` VALUES ('101', '1', '1', '小米', '1000', '1', '测试用户');
INSERT INTO `shop_order` VALUES ('102', '1', '1', '小米', '1000', '1', '测试用户');
INSERT INTO `shop_order` VALUES ('103', '1', '1', '小米', '1000', '1', '测试用户');
INSERT INTO `shop_order` VALUES ('104', '1', '1', '小米', '1000', '1', '测试用户');
INSERT INTO `shop_order` VALUES ('105', '1', '1', '小米', '1000', '1', '测试用户');
INSERT INTO `shop_order` VALUES ('106', '1', '1', '小米', '1000', '1', '测试用户');
INSERT INTO `shop_order` VALUES ('107', '1', '1', '小米', '1000', '1', '测试用户');

-- ----------------------------
-- Table structure for shop_product
-- ----------------------------
DROP TABLE IF EXISTS `shop_product`;
CREATE TABLE `shop_product` (
  `pid` int NOT NULL AUTO_INCREMENT,
  `pname` varchar(255) CHARACTER SET utf8mb4 COLLATE utf8mb4_0900_ai_ci DEFAULT NULL,
  `pprice` double(11,2) DEFAULT NULL,
  `stock` int DEFAULT NULL,
  PRIMARY KEY (`pid`)
) ENGINE=InnoDB AUTO_INCREMENT=5 DEFAULT CHARSET=utf8mb4 COLLATE=utf8mb4_0900_ai_ci;

-- ----------------------------
-- Records of shop_product
-- ----------------------------
INSERT INTO `shop_product` VALUES ('1', '小米', '1000.00', '5000');
INSERT INTO `shop_product` VALUES ('2', '华为', '1000.00', '5000');
INSERT INTO `shop_product` VALUES ('3', '苹果', '1000.00', '5000');
INSERT INTO `shop_product` VALUES ('4', 'OPPO', '1000.00', '5000');

-- ----------------------------
-- Table structure for shop_user
-- ----------------------------
DROP TABLE IF EXISTS `shop_user`;
CREATE TABLE `shop_user` (
  `uid` int NOT NULL AUTO_INCREMENT,
  `password` varchar(255) DEFAULT NULL,
  `telephone` varchar(255) DEFAULT NULL,
  `username` varchar(255) DEFAULT NULL,
  `role` varchar(255) DEFAULT NULL,
  PRIMARY KEY (`uid`)
) ENGINE=InnoDB AUTO_INCREMENT=3 DEFAULT CHARSET=utf8mb4 COLLATE=utf8mb4_0900_ai_ci;

-- ----------------------------
-- Records of shop_user
-- ----------------------------
INSERT INTO `shop_user` VALUES ('1', '67adeb93d3c54dbc439afa4aae9900ea', '18367388751', 'admin', 'ROLE_ADMIN');
INSERT INTO `shop_user` VALUES ('2', '84a63b61f26e008f90ff38ce14ccd50e', '18367388751', '6703999940', 'ROLE_ADMIN');

-- ----------------------------
-- Table structure for zipkin_annotations
-- ----------------------------
DROP TABLE IF EXISTS `zipkin_annotations`;
CREATE TABLE `zipkin_annotations` (
  `trace_id_high` bigint NOT NULL DEFAULT '0' COMMENT 'If non zero, this means the trace uses 128 bit traceIds instead of 64 bit',
  `trace_id` bigint NOT NULL COMMENT 'coincides with zipkin_spans.trace_id',
  `span_id` bigint NOT NULL COMMENT 'coincides with zipkin_spans.id',
  `a_key` varchar(255) NOT NULL COMMENT 'BinaryAnnotation.key or Annotation.value if type == -1',
  `a_value` blob COMMENT 'BinaryAnnotation.value(), which must be smaller than 64KB',
  `a_type` int NOT NULL COMMENT 'BinaryAnnotation.type() or -1 if Annotation',
  `a_timestamp` bigint DEFAULT NULL COMMENT 'Used to implement TTL; Annotation.timestamp or zipkin_spans.timestamp',
  `endpoint_ipv4` int DEFAULT NULL COMMENT 'Null when Binary/Annotation.endpoint is null',
  `endpoint_ipv6` binary(16) DEFAULT NULL COMMENT 'Null when Binary/Annotation.endpoint is null, or no IPv6 address',
  `endpoint_port` smallint DEFAULT NULL COMMENT 'Null when Binary/Annotation.endpoint is null',
  `endpoint_service_name` varchar(255) DEFAULT NULL COMMENT 'Null when Binary/Annotation.endpoint is null',
  UNIQUE KEY `trace_id_high` (`trace_id_high`,`trace_id`,`span_id`,`a_key`,`a_timestamp`) COMMENT 'Ignore insert on duplicate',
  KEY `trace_id_high_2` (`trace_id_high`,`trace_id`,`span_id`) COMMENT 'for joining with zipkin_spans',
  KEY `trace_id_high_3` (`trace_id_high`,`trace_id`) COMMENT 'for getTraces/ByIds',
  KEY `endpoint_service_name` (`endpoint_service_name`) COMMENT 'for getTraces and getServiceNames',
  KEY `a_type` (`a_type`) COMMENT 'for getTraces',
  KEY `a_key` (`a_key`) COMMENT 'for getTraces'
) ENGINE=InnoDB DEFAULT CHARSET=utf8 ROW_FORMAT=COMPRESSED;

-- ----------------------------
-- Records of zipkin_annotations
-- ----------------------------

-- ----------------------------
-- Table structure for zipkin_dependencies
-- ----------------------------
DROP TABLE IF EXISTS `zipkin_dependencies`;
CREATE TABLE `zipkin_dependencies` (
  `day` date NOT NULL,
  `parent` varchar(255) NOT NULL,
  `child` varchar(255) NOT NULL,
  `call_count` bigint DEFAULT NULL,
  UNIQUE KEY `day` (`day`,`parent`,`child`)
) ENGINE=InnoDB DEFAULT CHARSET=utf8 ROW_FORMAT=COMPRESSED;

-- ----------------------------
-- Records of zipkin_dependencies
-- ----------------------------

-- ----------------------------
-- Table structure for zipkin_spans
-- ----------------------------
DROP TABLE IF EXISTS `zipkin_spans`;
CREATE TABLE `zipkin_spans` (
  `trace_id_high` bigint NOT NULL DEFAULT '0' COMMENT 'If non zero, this means the trace uses 128 bit traceIds instead of 64 bit',
  `trace_id` bigint NOT NULL,
  `id` bigint NOT NULL,
  `name` varchar(255) NOT NULL,
  `parent_id` bigint DEFAULT NULL,
  `debug` bit(1) DEFAULT NULL,
  `start_ts` bigint DEFAULT NULL COMMENT 'Span.timestamp(): epoch micros used for endTs query and to implement TTL',
  `duration` bigint DEFAULT NULL COMMENT 'Span.duration(): micros used for minDuration and maxDuration query',
  UNIQUE KEY `trace_id_high` (`trace_id_high`,`trace_id`,`id`) COMMENT 'ignore insert on duplicate',
  KEY `trace_id_high_2` (`trace_id_high`,`trace_id`,`id`) COMMENT 'for joining with zipkin_annotations',
  KEY `trace_id_high_3` (`trace_id_high`,`trace_id`) COMMENT 'for getTracesByIds',
  KEY `name` (`name`) COMMENT 'for getTraces and getSpanNames',
  KEY `start_ts` (`start_ts`) COMMENT 'for getTraces ordering and range'
) ENGINE=InnoDB DEFAULT CHARSET=utf8 ROW_FORMAT=COMPRESSED;

-- ----------------------------
-- Records of zipkin_spans
-- ----------------------------
